{
  "ASCII Anti Aliased": true,
  "Ambiguous Double Width": false,
  "Ansi 0 Color": {
    "Alpha Component": 1,
    "Blue Component": 0,
    "Color Space": "sRGB",
    "Green Component": 0,
    "Red Component": 0
  },
  "Ansi 1 Color": {
    "Blue Component": 0.1933501363,
    "Green Component": 0.2561769783,
    "Red Component": 0.7201576829
  },
  "Ansi 10 Color": {
    "Blue Component": 0.2156862745,
    "Green Component": 0.9450980392,
    "Red Component": 0.768627451
  },
  "Ansi 11 Color": {
    "Blue Component": 0.3019607961177826,
    "Green Component": 0.8823529481887817,
    "Red Component": 0.9960784316062927
  },
  "Ansi 12 Color": {
    "Blue Component": 0.9411764740943909,
    "Green Component": 0.8117647171020508,
    "Red Component": 0.5529412031173706
  },
  "Ansi 13 Color": {
    "Blue Component": 1,
    "Green Component": 0.6039215686,
    "Red Component": 0.968627451
  },
  "Ansi 14 Color": {
    "Blue Component": 0.8117647059,
    "Green Component": 0.8509803922,
    "Red Component": 0.4156862745
  },
  "Ansi 15 Color": {
    "Blue Component": 0.9686274528503418,
    "Green Component": 0.9686274528503418,
    "Red Component": 0.9686274528503418
  },
  "Ansi 2 Color": {
    "Blue Component": 0,
    "Green Component": 0.663764596,
    "Red Component": 0.4915682375
  },
  "Ansi 3 Color": {
    "Blue Component": 0,
    "Green Component": 0.6470588235,
    "Red Component": 0.768627451
  },
  "Ansi 4 Color": {
    "Blue Component": 0.768627451,
    "Green Component": 0.6392156863,
    "Red Component": 0.3843137255
  },
  "Ansi 5 Color": {
    "Blue Component": 0.8,
    "Green Component": 0.5411764706,
    "Red Component": 0.7294117647
  },
  "Ansi 6 Color": {
    "Blue Component": 0.5137255191802979,
    "Green Component": 0.45098039507865906,
    "Red Component": 0.125490203499794
  },
  "Ansi 7 Color": {
    "Blue Component": 0.6297031044960022,
    "Green Component": 0.6298518180847168,
    "Red Component": 0.6297333240509033
  },
  "Ansi 8 Color": {
    "Blue Component": 0.47999998927116394,
    "Green Component": 0.47999998927116394,
    "Red Component": 0.47999998927116394
  },
  "Ansi 9 Color": {
    "Blue Component": 0.4862745098,
    "Green Component": 0.5137254902,
    "Red Component": 0.8392156863
  },
  "BM Growl": true,
  "Background Color": {
    "Blue Component": 0.10611827671527863,
    "Green Component": 0.1061420664191246,
    "Red Component": 0.10612169653177261
  },
  "Background Image Location": "",
  "Badge Color": {
    "Alpha Component": 0.5,
    "Blue Component": 0,
    "Color Space": "sRGB",
    "Green Component": 0.1491314172744751,
    "Red Component": 1
  },
  "Blinking Cursor": false,
  "Blur": false,
  "Bold Color": {
    "Blue Component": 1,
    "Green Component": 1,
    "Red Component": 1
  },
  "Bound Hosts": [],
  "Character Encoding": 4,
  "Close Sessions On End": true,
  "Columns": 80,
  "Command": "",
  "Cursor Color": {
    "Blue Component": 0.7333333492279053,
    "Green Component": 0.7333333492279053,
    "Red Component": 0.7333333492279053
  },
  "Cursor Guide Color": {
    "Alpha Component": 0.25,
    "Blue Component": 1,
    "Color Space": "sRGB",
    "Green Component": 0.9268307089805603,
    "Red Component": 0.7021318674087524
  },
  "Cursor Text Color": {
    "Blue Component": 1,
    "Green Component": 1,
    "Red Component": 1
  },
  "Custom Command": "No",
  "Custom Directory": "No",
  "Default Bookmark": "No",
  "Description": "Default",
  "Disable Window Resizing": true,
  "Draw Powerline Glyphs": true,
  "Flashing Bell": false,
  "Foreground Color": {
    "Blue Component": 0.9686274528503418,
    "Green Component": 0.9686274528503418,
    "Red Component": 0.9686274528503418
  },
  "Guid": "2FF33606-F5E3-4642-B053-C6CD3924B2D0",
  "Horizontal Spacing": 1.0,
  "Idle Code": 0,
  "Jobs to Ignore": [
    "rlogin",
    "ssh",
    "slogin",
    "telnet"
  ],
  "Keyboard Map": {
    "0x2a-0x200000": {
      "Action": 12,
      "Text": "*"
    },
    "0x2b-0x200000": {
      "Action": 12,
      "Text": "+"
    },
    "0x2d-0x200000": {
      "Action": 12,
      "Text": "-"
    },
    "0x2e-0x200000": {
      "Action": 12,
      "Text": "."
    },
    "0x2f-0x200000": {
      "Action": 12,
      "Text": "/"
    },
    "0x3-0x200000": {
      "Action": 11,
      "Text": "0xd"
    },
    "0x30-0x200000": {
      "Action": 12,
      "Text": "0"
    },
    "0x31-0x200000": {
      "Action": 12,
      "Text": "1"
    },
    "0x32-0x200000": {
      "Action": 12,
      "Text": "2"
    },
    "0x33-0x200000": {
      "Action": 12,
      "Text": "3"
    },
    "0x34-0x200000": {
      "Action": 12,
      "Text": "4"
    },
    "0x35-0x200000": {
      "Action": 12,
      "Text": "5"
    },
    "0x36-0x200000": {
      "Action": 12,
      "Text": "6"
    },
    "0x37-0x200000": {
      "Action": 12,
      "Text": "7"
    },
    "0x38-0x200000": {
      "Action": 12,
      "Text": "8"
    },
    "0x39-0x200000": {
      "Action": 12,
      "Text": "9"
    },
    "0x7f-0x100000": {
      "Action": 11,
      "Text": "0x15"
    },
    "0x7f-0x80000": {
      "Action": 11,
      "Text": "0x1b 0x7f"
    },
    "0xf702-0x280000": {
      "Action": 10,
      "Text": "b"
    },
    "0xf703-0x280000": {
      "Action": 10,
      "Text": "f"
    },
    "0xf728-0x0": {
      "Action": 11,
      "Text": "0x4"
    },
    "0xf728-0x80000": {
      "Action": 10,
      "Text": "d"
    },
    "0xf739-0x0": {
      "Action": 13,
      "Text": ""
    }
  },
  "Link Color": {
    "Alpha Component": 1,
    "Blue Component": 0.734233021736145,
    "Color Space": "sRGB",
    "Green Component": 0.3591606020927429,
    "Red Component": 0
  },
  "Mouse Reporting": true,
  "Name": "Profile version 2",
  "Non Ascii Font": "Monaco 12",
  "Non-ASCII Anti Aliased": true,
  "Normal Font": "Menlo-RegularForPowerline 14",
  "Option Key Sends": 0,
  "Prompt Before Closing 2": false,
  "Right Option Key Sends": 0,
  "Rows": 25,
  "Screen": -1,
  "Scrollback Lines": 0,
  "Selected Text Color": {
    "Blue Component": 0.9686274528503418,
    "Green Component": 0.9686274528503418,
    "Red Component": 0.9686274528503418
  },
  "Selection Color": {
    "Blue Component": 0.5150196552276611,
    "Green Component": 0.4543989896774292,
    "Red Component": 0.12700089812278748
  },
  "Send Code When Idle": false,
  "Shortcut": "",
  "Show Status Bar": false,
  "Show Timestamps": 0,
  "Silence Bell": false,
  "Status Bar Layout": {
    "advanced configuration": {
      "algorithm": 0,
      "auto-rainbow style": 3,
      "font": ".AppleSystemUIFont 12",
      "remove empty components": false
    },
    "components": [
      {
        "class": "iTermStatusBarCPUUtilizationComponent",
        "configuration": {
          "knobs": {
            "base: compression resistance": 1,
            "base: priority": 5,
            "shared text color": {
              "Alpha Component": 1.0,
              "Blue Component": 0.63,
              "Color Space": "sRGB",
              "Green Component": 0.63,
              "Red Component": 0.9
            }
          },
          "layout advanced configuration dictionary value": {
            "algorithm": 0,
            "auto-rainbow style": 3,
            "font": ".AppleSystemUIFont 12",
            "remove empty components": false
          }
        }
      },
      {
        "class": "iTermStatusBarMemoryUtilizationComponent",
        "configuration": {
          "knobs": {
            "base: compression resistance": 1,
            "base: priority": 5,
            "shared text color": {
              "Alpha Component": 1.0,
              "Blue Component": 0.63,
              "Color Space": "sRGB",
              "Green Component": 0.8406,
              "Red Component": 0.9
            }
          },
          "layout advanced configuration dictionary value": {
            "algorithm": 0,
            "auto-rainbow style": 3,
            "font": ".AppleSystemUIFont 12",